"","V1"
"data","0.007912874 secs"
"seed","0.00394392 secs"
"initialize_object","8.177222 secs"
"visualization_smorgasbord","0.05285788 secs"
"visualization_smorgasbord2","0.01052809 secs"
"featureplot","0.0274539 secs"
"featureplot2","0.04884887 secs"
"featureplot.split","0.01824713 secs"
"new_functions","0.03923106 secs"
"new2","0.006566048 secs"
"themeing","0.01421309 secs"
"save.img","0.008408785 secs"
"hover","0.01827693 secs"
"identify","0.002803802 secs"
"load_cells","0.003875017 secs"
"ident","0.01620698 secs"
"ident2","0.001930952 secs"
"ident2_hidden","0.004590034 secs"
"ident2_levels","0.006119013 secs"
"labelling","0.01087308 secs"
"combining_plots","0.02884793 secs"
